<?xml version="1.0" encoding="UTF-8"?>
<!DOCTYPE module PUBLIC "-//Puppy Crawl//DTD Check Configuration 1.1//EN" "http://www.puppycrawl.com/dtds/configuration_1_1.dtd">
<module name="Checker">
    <property name="severity" value="warning" />

    <!-- ######## TEMPLATE/CHECKSTYLE/SIZE.XML ######## !-->
    <!-- See http://checkstyle.sourceforge.net/config_sizes.html#FileLength !-->
    <!-- Checks for long files. !-->
    <module name="com.puppycrawl.tools.checkstyle.checks.sizes.FileLengthCheck">
        <property name="max" value="500"/>
        <property name="fileExtensions" value=""/>
    </module>
    
    <module name="com.puppycrawl.tools.checkstyle.TreeWalker">
        
        <!-- See http://checkstyle.sf.net/config_sizes.html !-->
        <!-- Checks for long lines. !-->
        <module name="com.puppycrawl.tools.checkstyle.checks.sizes.LineLengthCheck">
            <property name="ignorePattern" value="^$"/>
            <property name="max" value="120"/>
        </module>
        
        <!-- Checks the number of methods declared in each type. This includes the number of each scope !-->
        <!-- (private, package, protected and public) as well as an overall total. !-->
        <!-- See http://checkstyle.sourceforge.net/config_sizes.html#MethodCount !-->
        <module name="com.puppycrawl.tools.checkstyle.checks.sizes.MethodCountCheck">
            <property name="maxTotal" value="100"/>
            <property name="maxPrivate" value="100"/>
            <property name="maxPackage" value="100"/>
            <property name="maxProtected" value="100"/>
            <property name="maxPublic" value="100"/>
        </module>
        
        <!-- Checks for long methods and constructors. !-->
        <!-- See http://checkstyle.sf.net/config_sizes.html !-->
        <module name="com.puppycrawl.tools.checkstyle.checks.sizes.MethodLengthCheck">
            <property name="max" value="80"/>
            <property name="countEmpty" value="true"/>
            <property name="tokens" value="METHOD_DEF, CTOR_DEF"/>
        </module>
        
        <!-- Checks for the number of types declared at the outer (or root) level in a file. !-->
        <!-- See http://checkstyle.sourceforge.net/config_sizes.html#OuterTypeNumber !-->
        <module name="com.puppycrawl.tools.checkstyle.checks.sizes.OuterTypeNumberCheck">
            <property name="max" value="1"/>
        </module>
        
        <!-- Checks the number of parameters of a method or constructor. !-->
        <!-- See http://checkstyle.sf.net/config_sizes.html !-->
        <module name="com.puppycrawl.tools.checkstyle.checks.sizes.ParameterNumberCheck">
            <property name="max" value="7"/>
            <property name="tokens" value="METHOD_DEF, CTOR_DEF"/>
        </module>
        
    </module>
    <!-- ######## END OF TEMPLATE/CHECKSTYLE/SIZE.XML ######## !-->
	
    <!-- ######## TEMPLATE/CHECKSTYLE/WHITESPACE.XML ######## !-->
    <module name="com.puppycrawl.tools.checkstyle.TreeWalker">
        
        <!-- Checks the padding of an empty for initializer. !-->
        <!-- See http://checkstyle.sf.net/config_whitespace.html !-->
        <module name="com.puppycrawl.tools.checkstyle.checks.whitespace.EmptyForInitializerPadCheck">
            <property name="option" value="nospace"/>
        </module>
        
        <!-- Checks the padding of an empty for iterator. !-->
        <!-- See http://checkstyle.sf.net/config_whitespace.html !-->
        <module name="com.puppycrawl.tools.checkstyle.checks.whitespace.EmptyForIteratorPadCheck">
            <property name="option" value="nospace"/>
        </module>
        
        <!-- Checks that the whitespace around the Generic tokens < and > is correct to the typical convention. !-->
        <!-- See http://checkstyle.sourceforge.net/config_whitespace.html#GenericWhitespace !-->
        <module name="com.puppycrawl.tools.checkstyle.checks.whitespace.GenericWhitespaceCheck"/>
        
        <!-- Checks the padding between the identifier of a method definition, !-->
        <!-- constructor definition, method call, or constructor invocation; and the left parenthesis of the parameter list. !-->
        <!-- See http://checkstyle.sf.net/config_whitespace.html !-->
        <module name="com.puppycrawl.tools.checkstyle.checks.whitespace.MethodParamPadCheck">
            <property name="allowLineBreaks" value="false"/>
            <property name="option" value="nospace"/>
            <property name="tokens" value="CTOR_DEF, LITERAL_NEW, METHOD_CALL, METHOD_DEF, SUPER_CTOR_CALL "/>
        </module>
        
        <!-- Checks that there is no whitespace after a token. !-->
        <!-- See http://checkstyle.sf.net/config_whitespace.html !-->
        <module name="com.puppycrawl.tools.checkstyle.checks.whitespace.NoWhitespaceAfterCheck">
            <property name="allowLineBreaks" value="true"/>
            <property name="tokens" value="ARRAY_INIT, BNOT, DEC, DOT, INC, LNOT, UNARY_MINUS, UNARY_PLUS"/>
        </module>
        
        <!-- Checks that there is no whitespace before a token. !-->
        <!-- See http://checkstyle.sf.net/config_whitespace.html !-->
        <module name="com.puppycrawl.tools.checkstyle.checks.whitespace.NoWhitespaceBeforeCheck">
            <property name="allowLineBreaks" value="false"/>
            <property name="tokens" value="SEMI, POST_DEC, POST_INC"/>
        </module>
        
        <!-- Checks the policy on how to wrap lines on operators. !-->
        <!-- See http://checkstyle.sf.net/config_whitespace.html !-->
        <module name="com.puppycrawl.tools.checkstyle.checks.whitespace.OperatorWrapCheck">
            <property name="option" value="nl"/>
            <property name="tokens" value="ASSIGN, BAND, BOR, BSR, BXOR, COLON, DIV,             EQUAL, GE, GT, LAND, LE, LITERAL_INSTANCEOF,             LOR, LT, MINUS, MOD, NOT_EQUAL,             PLUS, QUESTION, SL, SR, STAR"/>
        </module>
        
        <!-- Checks the policy on the padding of parentheses. !-->
        <!-- See http://checkstyle.sf.net/config_whitespace.html !-->
        <module name="com.puppycrawl.tools.checkstyle.checks.whitespace.ParenPadCheck">
            <property name="option" value="nospace"/>
            <property name="tokens" value="CTOR_CALL, METHOD_CALL, SUPER_CTOR_CALL"/>
        </module>
        
        <!-- Checks the policy on the padding of parentheses for typecasts. !-->
        <!-- See http://checkstyle.sf.net/config_whitespace.html !-->
        <module name="com.puppycrawl.tools.checkstyle.checks.whitespace.TypecastParenPadCheck">
            <property name="option" value="nospace"/>
            <property name="tokens" value="TYPECAST, RPAREN"/>
        </module>
        
        <!-- Checks that a token is followed by whitespace. !-->
        <!-- See http://checkstyle.sf.net/config_whitespace.html !-->
        <module name="com.puppycrawl.tools.checkstyle.checks.whitespace.WhitespaceAfterCheck">
            <property name="tokens" value="COMMA, SEMI, TYPECAST"/>
        </module>
        
        <!-- Checks that a token is surrounded by whitespace. !-->
        <!-- See http://checkstyle.sf.net/config_whitespace.html !-->
        <module name="com.puppycrawl.tools.checkstyle.checks.whitespace.WhitespaceAroundCheck">
            <property name="tokens" value="ASSIGN, BAND, BAND_ASSIGN, BOR, BOR_ASSIGN, BSR, BSR_ASSIGN,             BXOR, BXOR_ASSIGN, COLON, DIV, DIV_ASSIGN, EQUAL, GE, GT, LAND,             LCURLY, LE, LITERAL_ASSERT, LITERAL_CATCH, LITERAL_DO, LITERAL_ELSE,             LITERAL_FINALLY, LITERAL_FOR, LITERAL_IF, LITERAL_RETURN,             LITERAL_SYNCHRONIZED, LITERAL_TRY, LITERAL_WHILE, LOR, LT,             MINUS, MINUS_ASSIGN, MOD, MOD_ASSIGN, NOT_EQUAL, PLUS, PLUS_ASSIGN,             QUESTION, RCURLY, SL, SLIST, SL_ASSIGN, SR, SR_ASSIGN, STAR, STAR_ASSIGN"/>
            <property name="allowEmptyConstructors" value="false"/>
            <property name="allowEmptyMethods" value="false"/>
        </module>
        
        <!-- The following checks are actually not whitespace checks, but still fit here quite well. !-->
        
        <!-- Checks that there is only one statement per line. !-->
        <!-- See http://checkstyle.sourceforge.net/config_coding.html#OneStatementPerLine !-->
        <module name="com.puppycrawl.tools.checkstyle.checks.coding.OneStatementPerLineCheck"/>
        
        <!-- Checks that each variable declaration is in its own statement and on its own line. !-->
        <!-- See http://checkstyle.sf.net/config_coding.html !-->
        <module name="com.puppycrawl.tools.checkstyle.checks.coding.MultipleVariableDeclarationsCheck"/>
        
    </module>
    
    <!-- Checks that there are no tabs in the source file !-->
    <!-- http://checkstyle.sourceforge.net/config_whitespace.html#FileTabCharacter !-->
    <module name="com.puppycrawl.tools.checkstyle.checks.whitespace.FileTabCharacterCheck"/>
    
    <!-- ######## END OF TEMPLATE/CHECKSTYLE/WHITESPACE.XML ######## !-->
	
    <!-- ######## TEMPLATE/CHECKSTYLE/NAMING.XML ######## !-->
    <module name="com.puppycrawl.tools.checkstyle.TreeWalker">
        <!-- Checks that the outer type name and the file name match. !-->
        <!-- See http://checkstyle.sourceforge.net/config_misc.html#OuterTypeFilename !-->
        <module name="com.puppycrawl.tools.checkstyle.checks.OuterTypeFilenameCheck"/>
        
        <!-- Checks for class type parameter name naming conventions. !-->
        <!-- See http://checkstyle.sourceforge.net/config_naming.html#ClassTypeParameterName !-->
        <module name="com.puppycrawl.tools.checkstyle.checks.naming.ClassTypeParameterNameCheck">
            <property name="format" value="^[A-Z]$"/>
        </module>
        
        <!-- Checks for constant name naming conventions. !-->
        <!-- See http://checkstyle.sf.net/config_naming.html !-->
        <module name="com.puppycrawl.tools.checkstyle.checks.naming.ConstantNameCheck">
            <property name="format" value="^[A-Z][A-Z0-9]*(_[A-Z0-9]+)*$"/>
            <property name="applyToPublic" value="true"/>
            <property name="applyToProtected" value="true"/>
            <property name="applyToPackage" value="true"/>
            <property name="applyToPrivate" value="true"/>
        </module>
        
        <!-- Checks for local final variable name naming conventions. !-->
        <!-- See http://checkstyle.sf.net/config_naming.html !-->
        <module name="com.puppycrawl.tools.checkstyle.checks.naming.LocalFinalVariableNameCheck">
            <property name="format" value="^[a-z][a-zA-Z0-9]*$"/>
            <property name="tokens" value="VARIABLE_DEF, PARAMETER_DEF"/>
        </module>
        
        <!-- Checks for local variable name naming conventions. !-->
        <!-- See http://checkstyle.sf.net/config_naming.html !-->
        <module name="com.puppycrawl.tools.checkstyle.checks.naming.LocalVariableNameCheck">
            <property name="format" value="^[a-z][a-zA-Z0-9]*$"/>
            <!--<property name="tokens" value="VARIABLE_DEF, PARAMETER_DEF"/>-->
        </module>
        
        <!-- Checks for member variable name naming conventions. !-->
        <!-- See http://checkstyle.sf.net/config_naming.html !-->
        <module name="com.puppycrawl.tools.checkstyle.checks.naming.MemberNameCheck">
            <property name="format" value="^[a-z][a-zA-Z0-9]*$"/>
            <property name="applyToPublic" value="true"/>
            <property name="applyToProtected" value="true"/>
            <property name="applyToPackage" value="true"/>
            <property name="applyToPrivate" value="true"/>
        </module>
        
        <!-- Checks for method name naming conventions. !-->
        <!-- See http://checkstyle.sf.net/config_naming.html !-->
        <module name="com.puppycrawl.tools.checkstyle.checks.naming.MethodNameCheck">
            <property name="format" value="^[a-z][a-zA-Z0-9]*$"/>
        </module>
        
        <!-- Checks for method type parameter name naming conventions. !-->
        <!-- See http://checkstyle.sourceforge.net/config_naming.html#MethodTypeParameterName !-->
        <module name="com.puppycrawl.tools.checkstyle.checks.naming.MethodTypeParameterNameCheck">
            <property name="format" value="^[A-Z]$"/>
        </module>
        
        <!-- Checks for package name naming conventions. !-->
        <!-- See http://checkstyle.sf.net/config_naming.html !-->
        <module name="com.puppycrawl.tools.checkstyle.checks.naming.PackageNameCheck">
            <property name="format" value="^[a-z]+(\.[a-zA-Z_][a-zA-Z0-9_]*)*$"/>
        </module>
        
        <!-- Checks for parameter name naming conventions. !-->
        <!-- See http://checkstyle.sf.net/config_naming.html !-->
        <module name="com.puppycrawl.tools.checkstyle.checks.naming.ParameterNameCheck">
            <property name="format" value="^[a-z][a-zA-Z0-9]*$"/>
        </module>
        
        <!-- Checks for static variable name naming conventions. !-->
        <!-- See http://checkstyle.sf.net/config_naming.html !-->
        <module name="com.puppycrawl.tools.checkstyle.checks.naming.StaticVariableNameCheck">
            <property name="format" value="^[a-z][a-zA-Z0-9]*$"/>
            <property name="applyToPublic" value="true"/>
            <property name="applyToProtected" value="true"/>
            <property name="applyToPackage" value="true"/>
            <property name="applyToPrivate" value="true"/>
        </module>
        
        <!-- Checks for type name naming conventions. !-->
        <!-- See http://checkstyle.sf.net/config_naming.html !-->
        <module name="com.puppycrawl.tools.checkstyle.checks.naming.TypeNameCheck">
            <property name="format" value="^[A-Z][a-zA-Z0-9]*$"/>
            <property name="tokens" value="CLASS_DEF, INTERFACE_DEF"/>
            <property name="applyToPublic" value="true"/>
            <property name="applyToProtected" value="true"/>
            <property name="applyToPackage" value="true"/>
            <property name="applyToPrivate" value="true"/>
        </module>
        
    </module>
    
    <!-- ######## END OF TEMPLATE/CHECKSTYLE/NAMING.XML ######## !-->
</module>