<assembly xmlns="http://maven.apache.org/ASSEMBLY/2.0.0" xmlns:xsi="http://www.w3.org/2001/XMLSchema-instance"
		  xsi:schemaLocation="http://maven.apache.org/ASSEMBLY/2.0.0 http://maven.apache.org/xsd/assembly-2.0.0.xsd">
	<id>src</id>
	<includeBaseDirectory>false</includeBaseDirectory>
	<formats>
		<format>zip</format>
	</formats>
	<fileSets>
		<fileSet>
			<includes>
				<include>pom.xml</include>
			</includes>
		</fileSet>

		<fileSet>
			<directory>src</directory>
		</fileSet>

		<fileSet>
			<useDefaultExcludes>false</useDefaultExcludes>
			<includes>
				<include>pom.xml</include>
				<include>.gitignore</include>
				<include>*.launch</include>
				<include>LICENSE</include>
			</includes>
		</fileSet>


		<fileSet>
			<directory>target</directory>
			<includes>
				<include>changelog.xml</include>
				<include>changelog.html</include>
			</includes>
			<outputDirectory>docs</outputDirectory>
		</fileSet>
	</fileSets>
	<!-- including the workspace .gitignore: <files>
		<file>
			<source>../../.gitignore</source>
		</file>
	</files> -->
</assembly>
